{"sources":[{"prev_ver":486604803,"name":"[HSC] Background","uuid":"158c2656-01a7-4e6c-8c5c-5f80b756a72f","id":"image_source","versioned_id":"image_source","settings":{"file":"F:/StreetFighter Assets/backGround.gif"},"mixers":0,"sync":0,"flags":0,"volume":1.0,"balance":0.5,"enabled":true,"muted":false,"push-to-mute":false,"push-to-mute-delay":0,"push-to-talk":false,"push-to-talk-delay":0,"hotkeys":{},"deinterlace_mode":0,"deinterlace_field_order":0,"monitoring_type":0,"private_settings":{}},{"prev_ver":486604803,"name":"[HSC] Car Part 20","uuid":"b3d87cde-f08b-4944-9aaf-6447ffaf57c7","id":"image_source","versioned_id":"image_source","settings":{"file":"F:/StreetFighter Assets/20.png"},"mixers":0,"sync":0,"flags":0,"volume":1.0,"balance":0.5,"enabled":true,"muted":false,"push-to-mute":false,"push-to-mute-delay":0,"push-to-talk":false,"push-to-talk-delay":0,"hotkeys":{},"deinterlace_mode":0,"deinterlace_field_order":0,"monitoring_type":0,"private_settings":{}},{"prev_ver":486604803,"name":"[HSC] Car Part 0","uuid":"aa7dc623-aeff-4fb8-baa9-94766fa15c97","id":"image_source","versioned_id":"image_source","settings":{"file":"F:/StreetFighter Assets/0.png"},"mixers":0,"sync":0,"flags":0,"volume":1.0,"balance":0.5,"enabled":true,"muted":false,"push-to-mute":false,"push-to-mute-delay":0,"push-to-talk":false,"push-to-talk-delay":0,"hotkeys":{},"deinterlace_mode":0,"deinterlace_field_order":0,"monitoring_type":0,"private_settings":{}},{"prev_ver":486604803,"name":"[HSC] Car Part 14","uuid":"24192d32-0f79-4ecf-9510-bc621dffd718","id":"image_source","versioned_id":"image_source","settings":{"file":"F:/StreetFighter Assets/14.png"},"mixers":0,"sync":0,"flags":0,"volume":1.0,"balance":0.5,"enabled":true,"muted":false,"push-to-mute":false,"push-to-mute-delay":0,"push-to-talk":false,"push-to-talk-delay":0,"hotkeys":{},"deinterlace_mode":0,"deinterlace_field_order":0,"monitoring_type":0,"private_settings":{}},{"prev_ver":486604803,"name":"[HSC] Car Part 13","uuid":"da71472c-9538-4574-96e8-658091c06bcd","id":"image_source","versioned_id":"image_source","settings":{"file":"F:/StreetFighter Assets/13.png"},"mixers":0,"sync":0,"flags":0,"volume":1.0,"balance":0.5,"enabled":true,"muted":false,"push-to-mute":false,"push-to-mute-delay":0,"push-to-talk":false,"push-to-talk-delay":0,"hotkeys":{},"deinterlace_mode":0,"deinterlace_field_order":0,"monitoring_type":0,"private_settings":{}},{"prev_ver":486604803,"name":"[HSC] Car Part 19","uuid":"5c0b958d-05cb-4a19-8620-d7c52141958c","id":"image_source","versioned_id":"image_source","settings":{"file":"F:/StreetFighter Assets/19.png"},"mixers":0,"sync":0,"flags":0,"volume":1.0,"balance":0.5,"enabled":true,"muted":false,"push-to-mute":false,"push-to-mute-delay":0,"push-to-talk":false,"push-to-talk-delay":0,"hotkeys":{},"deinterlace_mode":0,"deinterlace_field_order":0,"monitoring_type":0,"private_settings":{}},{"prev_ver":486604803,"name":"[HSC] Car Part 12","uuid":"dcc0d757-dec5-489b-9102-2d73148aa7a1","id":"image_source","versioned_id":"image_source","settings":{"file":"F:/StreetFighter Assets/12.png"},"mixers":0,"sync":0,"flags":0,"volume":1.0,"balance":0.5,"enabled":true,"muted":false,"push-to-mute":false,"push-to-mute-delay":0,"push-to-talk":false,"push-to-talk-delay":0,"hotkeys":{},"deinterlace_mode":0,"deinterlace_field_order":0,"monitoring_type":0,"private_settings":{}},{"prev_ver":486604803,"name":"[HSC] Car Part 18","uuid":"59a7a861-b399-421c-a098-eac10d34c2d7","id":"image_source","versioned_id":"image_source","settings":{"file":"F:/StreetFighter Assets/18.png"},"mixers":0,"sync":0,"flags":0,"volume":1.0,"balance":0.5,"enabled":true,"muted":false,"push-to-mute":false,"push-to-mute-delay":0,"push-to-talk":false,"push-to-talk-delay":0,"hotkeys":{},"deinterlace_mode":0,"deinterlace_field_order":0,"monitoring_type":0,"private_settings":{}},{"prev_ver":486604803,"name":"[HSC] Car Part 11","uuid":"74bbb1e1-9eef-429d-9d76-f41b60de9f91","id":"image_source","versioned_id":"image_source","settings":{"file":"F:/StreetFighter Assets/11.png"},"mixers":0,"sync":0,"flags":0,"volume":1.0,"balance":0.5,"enabled":true,"muted":false,"push-to-mute":false,"push-to-mute-delay":0,"push-to-talk":false,"push-to-talk-delay":0,"hotkeys":{},"deinterlace_mode":0,"deinterlace_field_order":0,"monitoring_type":0,"private_settings":{}},{"prev_ver":486604803,"name":"[HSC] Car Part 10","uuid":"7cad545b-c577-41e8-9487-4bbf3db075e2","id":"image_source","versioned_id":"image_source","settings":{"file":"F:/StreetFighter Assets/10.png"},"mixers":0,"sync":0,"flags":0,"volume":1.0,"balance":0.5,"enabled":true,"muted":false,"push-to-mute":false,"push-to-mute-delay":0,"push-to-talk":false,"push-to-talk-delay":0,"hotkeys":{},"deinterlace_mode":0,"deinterlace_field_order":0,"monitoring_type":0,"private_settings":{}},{"prev_ver":486604803,"name":"[HSC] Car Part 9","uuid":"4c161f78-fb25-4c9c-9c53-c2beed257cc3","id":"image_source","versioned_id":"image_source","settings":{"file":"F:/StreetFighter Assets/9.png"},"mixers":0,"sync":0,"flags":0,"volume":1.0,"balance":0.5,"enabled":true,"muted":false,"push-to-mute":false,"push-to-mute-delay":0,"push-to-talk":false,"push-to-talk-delay":0,"hotkeys":{},"deinterlace_mode":0,"deinterlace_field_order":0,"monitoring_type":0,"private_settings":{}},{"prev_ver":486604803,"name":"[HSC] Car Part 8","uuid":"21a6115a-bf70-4d2a-a882-203c2e404520","id":"image_source","versioned_id":"image_source","settings":{"file":"F:/StreetFighter Assets/8.png"},"mixers":0,"sync":0,"flags":0,"volume":1.0,"balance":0.5,"enabled":true,"muted":false,"push-to-mute":false,"push-to-mute-delay":0,"push-to-talk":false,"push-to-talk-delay":0,"hotkeys":{},"deinterlace_mode":0,"deinterlace_field_order":0,"monitoring_type":0,"private_settings":{}},{"prev_ver":486604803,"name":"[HSC] Car Part 7","uuid":"bb2a394b-b453-4100-bdad-c02e75b493d2","id":"image_source","versioned_id":"image_source","settings":{"file":"F:/StreetFighter Assets/7.png"},"mixers":0,"sync":0,"flags":0,"volume":1.0,"balance":0.5,"enabled":true,"muted":false,"push-to-mute":false,"push-to-mute-delay":0,"push-to-talk":false,"push-to-talk-delay":0,"hotkeys":{},"deinterlace_mode":0,"deinterlace_field_order":0,"monitoring_type":0,"private_settings":{}},{"prev_ver":486604803,"name":"[HSC] Car Part 15","uuid":"7789800a-9b6d-4cd7-be6e-85ce0d03cfb9","id":"image_source","versioned_id":"image_source","settings":{"file":"F:/StreetFighter Assets/15.png"},"mixers":0,"sync":0,"flags":0,"volume":1.0,"balance":0.5,"enabled":true,"muted":false,"push-to-mute":false,"push-to-mute-delay":0,"push-to-talk":false,"push-to-talk-delay":0,"hotkeys":{},"deinterlace_mode":0,"deinterlace_field_order":0,"monitoring_type":0,"private_settings":{}},{"prev_ver":486604803,"name":"[HSC] Car Part 2","uuid":"554c5ee4-ad43-4977-9f9a-d816b5ae5dfa","id":"image_source","versioned_id":"image_source","settings":{"file":"F:/StreetFighter Assets/2.png"},"mixers":0,"sync":0,"flags":0,"volume":1.0,"balance":0.5,"enabled":true,"muted":false,"push-to-mute":false,"push-to-mute-delay":0,"push-to-talk":false,"push-to-talk-delay":0,"hotkeys":{},"deinterlace_mode":0,"deinterlace_field_order":0,"monitoring_type":0,"private_settings":{}},{"prev_ver":486604803,"name":"[HSC] Car Part 6","uuid":"acf4e26e-5e05-4764-ad31-7c0fe7498e98","id":"image_source","versioned_id":"image_source","settings":{"file":"F:/StreetFighter Assets/6.png"},"mixers":0,"sync":0,"flags":0,"volume":1.0,"balance":0.5,"enabled":true,"muted":false,"push-to-mute":false,"push-to-mute-delay":0,"push-to-talk":false,"push-to-talk-delay":0,"hotkeys":{},"deinterlace_mode":0,"deinterlace_field_order":0,"monitoring_type":0,"private_settings":{}},{"prev_ver":486604803,"name":"[HSC] Car Part 5","uuid":"a50e0b04-1ebd-433c-8c79-85fa7533e9c5","id":"image_source","versioned_id":"image_source","settings":{"file":"F:/StreetFighter Assets/5.png"},"mixers":0,"sync":0,"flags":0,"volume":1.0,"balance":0.5,"enabled":true,"muted":false,"push-to-mute":false,"push-to-mute-delay":0,"push-to-talk":false,"push-to-talk-delay":0,"hotkeys":{},"deinterlace_mode":0,"deinterlace_field_order":0,"monitoring_type":0,"private_settings":{}},{"prev_ver":486604803,"name":"[HSC] Car Part 4","uuid":"bee5f29e-3cad-43e8-8e9a-60dd235b5837","id":"image_source","versioned_id":"image_source","settings":{"file":"F:/StreetFighter Assets/4.png"},"mixers":0,"sync":0,"flags":0,"volume":1.0,"balance":0.5,"enabled":true,"muted":false,"push-to-mute":false,"push-to-mute-delay":0,"push-to-talk":false,"push-to-talk-delay":0,"hotkeys":{},"deinterlace_mode":0,"deinterlace_field_order":0,"monitoring_type":0,"private_settings":{}},{"prev_ver":486604803,"name":"[HSC] Car Part 3","uuid":"6e94b6ab-69ff-49b6-8394-166573a7c41f","id":"image_source","versioned_id":"image_source","settings":{"file":"F:/StreetFighter Assets/3.png"},"mixers":0,"sync":0,"flags":0,"volume":1.0,"balance":0.5,"enabled":true,"muted":false,"push-to-mute":false,"push-to-mute-delay":0,"push-to-talk":false,"push-to-talk-delay":0,"hotkeys":{},"deinterlace_mode":0,"deinterlace_field_order":0,"monitoring_type":0,"private_settings":{}},{"prev_ver":486604803,"name":"[HSC] Car Part 1","uuid":"d219220e-c29c-40b4-be2a-3e696707e55e","id":"image_source","versioned_id":"image_source","settings":{"file":"F:/StreetFighter Assets/1.png"},"mixers":0,"sync":0,"flags":0,"volume":1.0,"balance":0.5,"enabled":true,"muted":false,"push-to-mute":false,"push-to-mute-delay":0,"push-to-talk":false,"push-to-talk-delay":0,"hotkeys":{},"deinterlace_mode":0,"deinterlace_field_order":0,"monitoring_type":0,"private_settings":{}},{"prev_ver":486604803,"name":"[HSC] Score","uuid":"612242b8-ac2c-4658-be8f-a41b4c75bcdd","id":"text_gdiplus","versioned_id":"text_gdiplus_v2","settings":{"gradient":true,"outline":true,"text":"TerryTheBot\r\n370","font":{"face":"Segoe UI Variable Small Light","style":"Small Light","size":72,"flags":0},"align":"center","color":4278233855,"gradient_color":4278190335,"outline_size":4,"outline_color":4294901760},"mixers":0,"sync":0,"flags":0,"volume":1.0,"balance":0.5,"enabled":true,"muted":false,"push-to-mute":false,"push-to-mute-delay":0,"push-to-talk":false,"push-to-talk-delay":0,"hotkeys":{},"deinterlace_mode":0,"deinterlace_field_order":0,"monitoring_type":0,"private_settings":{}},{"prev_ver":486604803,"name":"[HSC] Win Text","uuid":"9cbfc741-873e-4123-8cec-cb395a53ac55","id":"text_gdiplus","versioned_id":"text_gdiplus_v2","settings":{"gradient":true,"outline":true,"text":" YOU \n WIN ","font":{"face":"Act of Rejection","flags":0,"size":256,"style":"Regular"},"color":4278233855,"gradient_color":4278190335,"outline_size":6,"outline_color":4294901760},"mixers":0,"sync":0,"flags":0,"volume":1.0,"balance":0.5,"enabled":true,"muted":false,"push-to-mute":false,"push-to-mute-delay":0,"push-to-talk":false,"push-to-talk-delay":0,"hotkeys":{},"deinterlace_mode":0,"deinterlace_field_order":0,"monitoring_type":0,"private_settings":{},"filters":[{"prev_ver":486604803,"name":"User-defined shader","uuid":"13976f0f-8a08-4c48-a274-77a153caca39","id":"shader_filter","versioned_id":"shader_filter","settings":{"from_file":true,"override_entire_effect":false,"shader_file_name":"F:/obs-studio- Terry The Bot/data/obs-plugins/obs-shaderfilter/examples/drop_shadow.shader","shadow_color":4286513152},"mixers":0,"sync":0,"flags":0,"volume":1.0,"balance":0.5,"enabled":true,"muted":false,"push-to-mute":false,"push-to-mute-delay":0,"push-to-talk":false,"push-to-talk-delay":0,"hotkeys":{},"deinterlace_mode":0,"deinterlace_field_order":0,"monitoring_type":0,"private_settings":{}}]},{"prev_ver":486604803,"name":"[HSC] Fight Text","uuid":"c64c9c54-2d58-4036-8855-a8d3ded02691","id":"text_gdiplus","versioned_id":"text_gdiplus_v2","settings":{"gradient":true,"outline":true,"text":" F I G H T ","font":{"face":"Act of Rejection","style":"Regular","size":256,"flags":0},"color":4278233855,"gradient_color":4278190335,"outline_size":6,"outline_color":4294901760},"mixers":0,"sync":0,"flags":0,"volume":1.0,"balance":0.5,"enabled":true,"muted":false,"push-to-mute":false,"push-to-mute-delay":0,"push-to-talk":false,"push-to-talk-delay":0,"hotkeys":{},"deinterlace_mode":0,"deinterlace_field_order":0,"monitoring_type":0,"private_settings":{},"filters":[{"prev_ver":486604803,"name":"User-defined shader","uuid":"67e1c698-3aff-44e3-b999-1e226ed7d0fb","id":"shader_filter","versioned_id":"shader_filter","settings":{"from_file":true,"override_entire_effect":false,"shader_file_name":"F:/obs-studio- Terry The Bot/data/obs-plugins/obs-shaderfilter/examples/drop_shadow.shader","shadow_color":4286513152},"mixers":0,"sync":0,"flags":0,"volume":1.0,"balance":0.5,"enabled":true,"muted":false,"push-to-mute":false,"push-to-mute-delay":0,"push-to-talk":false,"push-to-talk-delay":0,"hotkeys":{},"deinterlace_mode":0,"deinterlace_field_order":0,"monitoring_type":0,"private_settings":{}}]},{"prev_ver":486604803,"name":"[HSC] Background Music","uuid":"a30f18f2-a5b3-41d9-b548-5524e723101e","id":"ffmpeg_source","versioned_id":"ffmpeg_source","settings":{"local_file":"F:/StreetFighter Assets/guile-theme-2.mp3","looping":true},"mixers":255,"sync":0,"flags":0,"volume":0.07190684974193573,"balance":0.5,"enabled":true,"muted":false,"push-to-mute":false,"push-to-mute-delay":0,"push-to-talk":false,"push-to-talk-delay":0,"hotkeys":{"libobs.mute":[],"libobs.unmute":[],"libobs.push-to-mute":[],"libobs.push-to-talk":[],"MediaSource.Restart":[],"MediaSource.Play":[],"MediaSource.Pause":[],"MediaSource.Stop":[]},"deinterlace_mode":0,"deinterlace_field_order":0,"monitoring_type":2,"private_settings":{}},{"prev_ver":486604803,"name":"[HSC] Tag Line","uuid":"28580ceb-30ed-4f1d-ae4a-91b0ff5bbe1c","id":"text_gdiplus","versioned_id":"text_gdiplus_v2","settings":{"gradient":true,"outline":true,"text":"Completely AFK","font":{"face":"Turret Road","flags":1,"size":72,"style":"Bold"},"align":"center","color":4278233855,"gradient_color":4278190335,"outline_size":4,"outline_color":4294901760},"mixers":0,"sync":0,"flags":0,"volume":1.0,"balance":0.5,"enabled":true,"muted":false,"push-to-mute":false,"push-to-mute-delay":0,"push-to-talk":false,"push-to-talk-delay":0,"hotkeys":{},"deinterlace_mode":0,"deinterlace_field_order":0,"monitoring_type":0,"private_settings":{}},{"prev_ver":486604803,"name":"[HSC] Smash","uuid":"005ee31d-c2b4-48e7-9809-048398d3db37","id":"color_source","versioned_id":"color_source_v3","settings":{"width":1000,"color":13750737,"height":500},"mixers":0,"sync":0,"flags":0,"volume":1.0,"balance":0.5,"enabled":true,"muted":false,"push-to-mute":false,"push-to-mute-delay":0,"push-to-talk":false,"push-to-talk-delay":0,"hotkeys":{},"deinterlace_mode":0,"deinterlace_field_order":0,"monitoring_type":0,"private_settings":{}},{"prev_ver":486604803,"name":"StreetFighter","uuid":"b099153e-1967-4b1d-8e57-8674be69d7be","id":"scene","versioned_id":"scene","settings":{"custom_size":false,"id_counter":2750,"items":[{"name":"[HSC] Background","source_uuid":"158c2656-01a7-4e6c-8c5c-5f80b756a72f","visible":true,"locked":true,"rot":0.0,"pos":{"x":0.0,"y":0.0},"scale":{"x":4.821256160736084,"y":4.8214287757873535},"align":5,"bounds_type":0,"bounds_align":0,"bounds":{"x":0.0,"y":0.0},"crop_left":0,"crop_top":0,"crop_right":0,"crop_bottom":0,"id":824,"group_item_backup":false,"scale_filter":"disable","blend_method":"default","blend_type":"normal","show_transition":{"duration":0},"hide_transition":{"duration":0},"private_settings":{}},{"name":"[HSC] Car Part 20","source_uuid":"b3d87cde-f08b-4944-9aaf-6447ffaf57c7","visible":false,"locked":true,"rot":0.0,"pos":{"x":403.70001220703125,"y":392.70001220703125},"scale":{"x":5.2150001525878906,"y":5.2140002250671387},"align":5,"bounds_type":0,"bounds_align":0,"bounds":{"x":1.0,"y":1.0},"crop_left":0,"crop_top":0,"crop_right":0,"crop_bottom":0,"id":805,"group_item_backup":false,"scale_filter":"disable","blend_method":"default","blend_type":"normal","show_transition":{"duration":0},"hide_transition":{"duration":0},"private_settings":{}},{"name":"[HSC] Car Part 0","source_uuid":"aa7dc623-aeff-4fb8-baa9-94766fa15c97","visible":true,"locked":true,"rot":0.0,"pos":{"x":375.0,"y":499.3009033203125},"scale":{"x":5.2149124145507812,"y":5.2136750221252441},"align":5,"bounds_type":0,"bounds_align":0,"bounds":{"x":1.0,"y":1.0},"crop_left":0,"crop_top":0,"crop_right":0,"crop_bottom":0,"id":806,"group_item_backup":false,"scale_filter":"disable","blend_method":"default","blend_type":"normal","show_transition":{"duration":0},"hide_transition":{"duration":0},"private_settings":{}},{"name":"[HSC] Car Part 14","source_uuid":"24192d32-0f79-4ecf-9510-bc621dffd718","visible":false,"locked":true,"rot":0.0,"pos":{"x":609.6710205078125,"y":593.1470947265625},"scale":{"x":5.2149124145507812,"y":5.2136750221252441},"align":5,"bounds_type":0,"bounds_align":0,"bounds":{"x":1.0,"y":1.0},"crop_left":0,"crop_top":0,"crop_right":0,"crop_bottom":0,"id":807,"group_item_backup":false,"scale_filter":"disable","blend_method":"default","blend_type":"normal","show_transition":{"duration":0},"hide_transition":{"duration":0},"private_settings":{}},{"name":"[HSC] Car Part 13","source_uuid":"da71472c-9538-4574-96e8-658091c06bcd","visible":false,"locked":true,"rot":0.0,"pos":{"x":416.71929931640625,"y":567.0787353515625},"scale":{"x":5.2149124145507812,"y":5.2136750221252441},"align":5,"bounds_type":0,"bounds_align":0,"bounds":{"x":1.0,"y":1.0},"crop_left":0,"crop_top":0,"crop_right":0,"crop_bottom":0,"id":808,"group_item_backup":false,"scale_filter":"disable","blend_method":"default","blend_type":"normal","show_transition":{"duration":0},"hide_transition":{"duration":0},"private_settings":{}},{"name":"[HSC] Car Part 19","source_uuid":"5c0b958d-05cb-4a19-8620-d7c52141958c","visible":false,"locked":true,"rot":0.0,"pos":{"x":956.5,"y":653.29998779296875},"scale":{"x":5.2150001525878906,"y":5.2140002250671387},"align":5,"bounds_type":0,"bounds_align":0,"bounds":{"x":1.0,"y":1.0},"crop_left":0,"crop_top":0,"crop_right":0,"crop_bottom":0,"id":809,"group_item_backup":false,"scale_filter":"disable","blend_method":"default","blend_type":"normal","show_transition":{"duration":0},"hide_transition":{"duration":0},"private_settings":{}},{"name":"[HSC] Car Part 12","source_uuid":"dcc0d757-dec5-489b-9102-2d73148aa7a1","visible":false,"locked":true,"rot":0.0,"pos":{"x":421.9342041015625,"y":478.44619750976562},"scale":{"x":5.2149124145507812,"y":5.2136750221252441},"align":5,"bounds_type":0,"bounds_align":0,"bounds":{"x":1.0,"y":1.0},"crop_left":0,"crop_top":0,"crop_right":0,"crop_bottom":0,"id":810,"group_item_backup":false,"scale_filter":"disable","blend_method":"default","blend_type":"normal","show_transition":{"duration":0},"hide_transition":{"duration":0},"private_settings":{}},{"name":"[HSC] Car Part 18","source_uuid":"59a7a861-b399-421c-a098-eac10d34c2d7","visible":false,"locked":true,"rot":0.0,"pos":{"x":622.70001220703125,"y":460.39999389648438},"scale":{"x":5.2150001525878906,"y":5.2140002250671387},"align":5,"bounds_type":0,"bounds_align":0,"bounds":{"x":0.0,"y":0.0},"crop_left":0,"crop_top":0,"crop_right":0,"crop_bottom":0,"id":811,"group_item_backup":false,"scale_filter":"disable","blend_method":"default","blend_type":"normal","show_transition":{"duration":0},"hide_transition":{"duration":0},"private_settings":{}},{"name":"[HSC] Car Part 11","source_uuid":"74bbb1e1-9eef-429d-9d76-f41b60de9f91","visible":false,"locked":false,"rot":0.0,"pos":{"x":406.28948974609375,"y":514.94189453125},"scale":{"x":5.2149124145507812,"y":5.2136750221252441},"align":5,"bounds_type":0,"bounds_align":0,"bounds":{"x":1.0,"y":1.0},"crop_left":0,"crop_top":0,"crop_right":0,"crop_bottom":0,"id":812,"group_item_backup":false,"scale_filter":"disable","blend_method":"default","blend_type":"normal","show_transition":{"duration":0},"hide_transition":{"duration":0},"private_settings":{}},{"name":"[HSC] Car Part 10","source_uuid":"7cad545b-c577-41e8-9487-4bbf3db075e2","visible":false,"locked":true,"rot":0.0,"pos":{"x":437.57894897460938,"y":499.3009033203125},"scale":{"x":5.2149124145507812,"y":5.2136750221252441},"align":5,"bounds_type":0,"bounds_align":0,"bounds":{"x":0.0,"y":0.0},"crop_left":0,"crop_top":0,"crop_right":0,"crop_bottom":0,"id":813,"group_item_backup":false,"scale_filter":"disable","blend_method":"default","blend_type":"normal","show_transition":{"duration":0},"hide_transition":{"duration":0},"private_settings":{}},{"name":"[HSC] Car Part 9","source_uuid":"4c161f78-fb25-4c9c-9c53-c2beed257cc3","visible":false,"locked":true,"rot":0.0,"pos":{"x":416.71929931640625,"y":520.15557861328125},"scale":{"x":5.2149124145507812,"y":5.2136750221252441},"align":5,"bounds_type":0,"bounds_align":0,"bounds":{"x":0.0,"y":0.0},"crop_left":0,"crop_top":0,"crop_right":0,"crop_bottom":0,"id":814,"group_item_backup":false,"scale_filter":"disable","blend_method":"default","blend_type":"normal","show_transition":{"duration":0},"hide_transition":{"duration":0},"private_settings":{}},{"name":"[HSC] Car Part 8","source_uuid":"21a6115a-bf70-4d2a-a882-203c2e404520","visible":false,"locked":true,"rot":0.0,"pos":{"x":432.14910888671875,"y":468.01889038085938},"scale":{"x":5.2149128913879395,"y":5.2136745452880859},"align":5,"bounds_type":0,"bounds_align":0,"bounds":{"x":1.0,"y":1.0},"crop_left":0,"crop_top":0,"crop_right":0,"crop_bottom":0,"id":815,"group_item_backup":false,"scale_filter":"disable","blend_method":"default","blend_type":"normal","show_transition":{"duration":0},"hide_transition":{"duration":0},"private_settings":{}},{"name":"[HSC] Car Part 7","source_uuid":"bb2a394b-b453-4100-bdad-c02e75b493d2","visible":false,"locked":true,"rot":0.0,"pos":{"x":385.4298095703125,"y":473.23251342773438},"scale":{"x":5.2149124145507812,"y":5.2136750221252441},"align":5,"bounds_type":0,"bounds_align":0,"bounds":{"x":1.0,"y":1.0},"crop_left":0,"crop_top":0,"crop_right":0,"crop_bottom":0,"id":816,"group_item_backup":false,"scale_filter":"disable","blend_method":"default","blend_type":"normal","show_transition":{"duration":0},"hide_transition":{"duration":0},"private_settings":{}},{"name":"[HSC] Car Part 15","source_uuid":"7789800a-9b6d-4cd7-be6e-85ce0d03cfb9","visible":false,"locked":true,"rot":0.0,"pos":{"x":518.4000244140625,"y":298.79998779296875},"scale":{"x":5.2150001525878906,"y":5.2140002250671387},"align":5,"bounds_type":0,"bounds_align":0,"bounds":{"x":1.0,"y":1.0},"crop_left":0,"crop_top":0,"crop_right":0,"crop_bottom":0,"id":817,"group_item_backup":false,"scale_filter":"disable","blend_method":"default","blend_type":"normal","show_transition":{"duration":0},"hide_transition":{"duration":1000},"private_settings":{}},{"name":"[HSC] Car Part 2","source_uuid":"554c5ee4-ad43-4977-9f9a-d816b5ae5dfa","visible":true,"locked":true,"rot":0.0,"pos":{"x":395.85964965820312,"y":447.16415405273438},"scale":{"x":5.2149124145507812,"y":5.2136750221252441},"align":5,"bounds_type":0,"bounds_align":0,"bounds":{"x":1.0,"y":1.0},"crop_left":0,"crop_top":0,"crop_right":0,"crop_bottom":0,"id":818,"group_item_backup":false,"scale_filter":"disable","blend_method":"default","blend_type":"normal","show_transition":{"duration":0},"hide_transition":{"duration":0},"private_settings":{}},{"name":"[HSC] Car Part 6","source_uuid":"acf4e26e-5e05-4764-ad31-7c0fe7498e98","visible":false,"locked":true,"rot":0.0,"pos":{"x":906.92108154296875,"y":415.882080078125},"scale":{"x":5.2149124145507812,"y":5.2136750221252441},"align":5,"bounds_type":0,"bounds_align":0,"bounds":{"x":1.0,"y":1.0},"crop_left":0,"crop_top":0,"crop_right":0,"crop_bottom":0,"id":819,"group_item_backup":false,"scale_filter":"disable","blend_method":"default","blend_type":"normal","show_transition":{"duration":0},"hide_transition":{"duration":0},"private_settings":{}},{"name":"[HSC] Car Part 5","source_uuid":"a50e0b04-1ebd-433c-8c79-85fa7533e9c5","visible":false,"locked":true,"rot":0.0,"pos":{"x":833.91229248046875,"y":441.95046997070312},"scale":{"x":5.2149124145507812,"y":5.2136750221252441},"align":5,"bounds_type":0,"bounds_align":0,"bounds":{"x":1.0,"y":1.0},"crop_left":0,"crop_top":0,"crop_right":0,"crop_bottom":0,"id":820,"group_item_backup":false,"scale_filter":"disable","blend_method":"default","blend_type":"normal","show_transition":{"duration":0},"hide_transition":{"duration":0},"private_settings":{}},{"name":"[HSC] Car Part 4","source_uuid":"bee5f29e-3cad-43e8-8e9a-60dd235b5837","visible":false,"locked":true,"rot":0.0,"pos":{"x":401.07455444335938,"y":441.95046997070312},"scale":{"x":5.2149124145507812,"y":5.2136750221252441},"align":5,"bounds_type":0,"bounds_align":0,"bounds":{"x":1.0,"y":1.0},"crop_left":0,"crop_top":0,"crop_right":0,"crop_bottom":0,"id":821,"group_item_backup":false,"scale_filter":"disable","blend_method":"default","blend_type":"normal","show_transition":{"duration":0},"hide_transition":{"duration":0},"private_settings":{}},{"name":"[HSC] Car Part 3","source_uuid":"6e94b6ab-69ff-49b6-8394-166573a7c41f","visible":false,"locked":true,"rot":0.0,"pos":{"x":380.21490478515625,"y":447.16415405273438},"scale":{"x":5.2149124145507812,"y":5.2136750221252441},"align":5,"bounds_type":0,"bounds_align":0,"bounds":{"x":1.0,"y":1.0},"crop_left":0,"crop_top":0,"crop_right":0,"crop_bottom":0,"id":822,"group_item_backup":false,"scale_filter":"disable","blend_method":"default","blend_type":"normal","show_transition":{"duration":0},"hide_transition":{"duration":0},"private_settings":{}},{"name":"[HSC] Car Part 1","source_uuid":"d219220e-c29c-40b4-be2a-3e696707e55e","visible":false,"locked":true,"rot":0.0,"pos":{"x":416.71929931640625,"y":431.52313232421875},"scale":{"x":5.2149124145507812,"y":5.2136750221252441},"align":5,"bounds_type":0,"bounds_align":0,"bounds":{"x":0.0,"y":0.0},"crop_left":0,"crop_top":0,"crop_right":0,"crop_bottom":0,"id":823,"group_item_backup":false,"scale_filter":"disable","blend_method":"default","blend_type":"normal","show_transition":{"duration":0},"hide_transition":{"duration":0},"private_settings":{}},{"name":"[HSC] Score","source_uuid":"612242b8-ac2c-4658-be8f-a41b4c75bcdd","visible":true,"locked":true,"rot":0.0,"pos":{"x":0.0,"y":0.0},"scale":{"x":1.9097222089767456,"y":1.9166666269302368},"align":5,"bounds_type":0,"bounds_align":0,"bounds":{"x":0.0,"y":0.0},"crop_left":0,"crop_top":0,"crop_right":0,"crop_bottom":0,"id":23,"group_item_backup":false,"scale_filter":"disable","blend_method":"default","blend_type":"normal","show_transition":{"duration":0},"hide_transition":{"duration":0},"private_settings":{}},{"name":"[HSC] Win Text","source_uuid":"9cbfc741-873e-4123-8cec-cb395a53ac55","visible":false,"locked":true,"rot":0.0,"pos":{"x":509.5,"y":159.294189453125},"scale":{"x":1.7837837934494019,"y":1.7843136787414551},"align":5,"bounds_type":0,"bounds_align":0,"bounds":{"x":0.0,"y":0.0},"crop_left":0,"crop_top":0,"crop_right":0,"crop_bottom":0,"id":43,"group_item_backup":false,"scale_filter":"disable","blend_method":"default","blend_type":"normal","show_transition":{"duration":0},"hide_transition":{"duration":0},"private_settings":{}},{"name":"[HSC] Fight Text","source_uuid":"c64c9c54-2d58-4036-8855-a8d3ded02691","visible":false,"locked":true,"rot":0.0,"pos":{"x":56.5,"y":276.809814453125},"scale":{"x":1.7837837934494019,"y":1.7843136787414551},"align":5,"bounds_type":0,"bounds_align":0,"bounds":{"x":0.0,"y":0.0},"crop_left":0,"crop_top":0,"crop_right":0,"crop_bottom":0,"id":826,"group_item_backup":false,"scale_filter":"disable","blend_method":"default","blend_type":"normal","show_transition":{"id":"fade_transition","versioned_id":"fade_transition","name":"CarSmashWin 2 Show Transition","transition":{},"duration":150},"hide_transition":{"id":"fade_transition","versioned_id":"fade_transition","name":"CarSmashWin 2 Hide Transition","transition":{},"duration":150},"private_settings":{}},{"name":"[HSC] Background Music","source_uuid":"a30f18f2-a5b3-41d9-b548-5524e723101e","visible":false,"locked":true,"rot":0.0,"pos":{"x":0.0,"y":0.0},"scale":{"x":1.0,"y":1.0},"align":5,"bounds_type":0,"bounds_align":0,"bounds":{"x":0.0,"y":0.0},"crop_left":0,"crop_top":0,"crop_right":0,"crop_bottom":0,"id":825,"group_item_backup":false,"scale_filter":"disable","blend_method":"default","blend_type":"normal","show_transition":{"duration":0},"hide_transition":{"duration":0},"private_settings":{}},{"name":"[HSC] Tag Line","source_uuid":"28580ceb-30ed-4f1d-ae4a-91b0ff5bbe1c","visible":true,"locked":true,"rot":0.0,"pos":{"x":668.2259521484375,"y":0.0},"scale":{"x":2.459134578704834,"y":2.4583332538604736},"align":5,"bounds_type":0,"bounds_align":0,"bounds":{"x":0.0,"y":0.0},"crop_left":0,"crop_top":0,"crop_right":0,"crop_bottom":0,"id":1359,"group_item_backup":false,"scale_filter":"disable","blend_method":"default","blend_type":"normal","show_transition":{"duration":0},"hide_transition":{"duration":0},"private_settings":{}},{"name":"[HSC] Smash","source_uuid":"005ee31d-c2b4-48e7-9809-048398d3db37","visible":true,"locked":true,"rot":0.0,"pos":{"x":417.92108154296875,"y":446.0},"scale":{"x":1.0,"y":1.0},"align":5,"bounds_type":0,"bounds_align":0,"bounds":{"x":0.0,"y":0.0},"crop_left":0,"crop_top":0,"crop_right":0,"crop_bottom":0,"id":1614,"group_item_backup":false,"scale_filter":"disable","blend_method":"default","blend_type":"normal","show_transition":{"duration":0},"hide_transition":{"duration":0},"private_settings":{}}],"notes":"<!DOCTYPE HTML PUBLIC \"-//W3C//DTD HTML 4.0//EN\" \"http://www.w3.org/TR/REC-html40/strict.dtd\">\n<html><head><meta name=\"qrichtext\" content=\"1\" /><meta charset=\"utf-8\" /><style type=\"text/css\">\np, li { white-space: pre-wrap; }\nhr { height: 1px; border-width: 0; }\nli.unchecked::marker { content: \"\\2610\"; }\nli.checked::marker { content: \"\\2612\"; }\n</style></head><body style=\" font-family:'Open Sans','.AppleSystemUIFont','Helvetica','Arial','MS Shell Dlg','sans-serif'; font-size:10pt; font-weight:400; font-style:normal;\">\n<p style=\"-qt-paragraph-type:empty; margin-top:0px; margin-bottom:0px; margin-left:0px; margin-right:0px; -qt-block-indent:0; text-indent:0px;\"><br /></p></body></html>"},"mixers":0,"sync":0,"flags":0,"volume":1.0,"balance":0.5,"enabled":true,"muted":false,"push-to-mute":false,"push-to-mute-delay":0,"push-to-talk":false,"push-to-talk-delay":0,"hotkeys":{"OBSBasic.SelectScene":[],"libobs.show_scene_item.[HSC] Background":[],"libobs.hide_scene_item.[HSC] Background":[],"libobs.show_scene_item.[HSC] Car Part 20":[],"libobs.hide_scene_item.[HSC] Car Part 20":[],"libobs.show_scene_item.[HSC] Car Part 0":[],"libobs.hide_scene_item.[HSC] Car Part 0":[],"libobs.show_scene_item.[HSC] Car Part 14":[],"libobs.hide_scene_item.[HSC] Car Part 14":[],"libobs.show_scene_item.[HSC] Car Part 13":[],"libobs.hide_scene_item.[HSC] Car Part 13":[],"libobs.show_scene_item.[HSC] Car Part 19":[],"libobs.hide_scene_item.[HSC] Car Part 19":[],"libobs.show_scene_item.[HSC] Car Part 12":[],"libobs.hide_scene_item.[HSC] Car Part 12":[],"libobs.show_scene_item.[HSC] Car Part 18":[],"libobs.hide_scene_item.[HSC] Car Part 18":[],"libobs.show_scene_item.[HSC] Car Part 11":[],"libobs.hide_scene_item.[HSC] Car Part 11":[],"libobs.show_scene_item.[HSC] Car Part 10":[],"libobs.hide_scene_item.[HSC] Car Part 10":[],"libobs.show_scene_item.[HSC] Car Part 9":[],"libobs.hide_scene_item.[HSC] Car Part 9":[],"libobs.show_scene_item.[HSC] Car Part 8":[],"libobs.hide_scene_item.[HSC] Car Part 8":[],"libobs.show_scene_item.[HSC] Car Part 7":[],"libobs.hide_scene_item.[HSC] Car Part 7":[],"libobs.show_scene_item.[HSC] Car Part 15":[],"libobs.hide_scene_item.[HSC] Car Part 15":[],"libobs.show_scene_item.[HSC] Car Part 2":[],"libobs.hide_scene_item.[HSC] Car Part 2":[],"libobs.show_scene_item.[HSC] Car Part 6":[],"libobs.hide_scene_item.[HSC] Car Part 6":[],"libobs.show_scene_item.[HSC] Car Part 5":[],"libobs.hide_scene_item.[HSC] Car Part 5":[],"libobs.show_scene_item.[HSC] Car Part 4":[],"libobs.hide_scene_item.[HSC] Car Part 4":[],"libobs.show_scene_item.[HSC] Car Part 3":[],"libobs.hide_scene_item.[HSC] Car Part 3":[],"libobs.show_scene_item.[HSC] Car Part 1":[],"libobs.hide_scene_item.[HSC] Car Part 1":[],"libobs.show_scene_item.[HSC] Score":[],"libobs.hide_scene_item.[HSC] Score":[],"libobs.show_scene_item.[HSC] Win Text":[],"libobs.hide_scene_item.[HSC] Win Text":[],"libobs.show_scene_item.[HSC] Fight Text":[],"libobs.hide_scene_item.[HSC] Fight Text":[],"libobs.show_scene_item.[HSC] Background Music":[],"libobs.hide_scene_item.[HSC] Background Music":[],"libobs.show_scene_item.[HSC] Tag Line":[],"libobs.hide_scene_item.[HSC] Tag Line":[],"RoofStart":[],"RoofEnd":[],"BonnetStart":[],"BonnetEnd":[],"PlateStart":[],"PlateEnd":[],"EngineStart":[],"EngineEnd":[],"libobs.show_scene_item.[HSC] Smash":[],"libobs.hide_scene_item.[HSC] Smash":[]},"deinterlace_mode":0,"deinterlace_field_order":0,"monitoring_type":0,"private_settings":{},"filters":[{"prev_ver":486604803,"name":"RoofStart","uuid":"71f4da45-3463-4c9e-bbf9-6e37605ff99e","id":"move_source_filter","versioned_id":"move_source_filter","settings":{"bounds":{"x":1.0,"x_sign":" ","y":1.0,"y_sign":" "},"crop":{"left":0.0,"left_sign":" ","top":0.0,"top_sign":" ","right":0.0,"right_sign":" ","bottom":0.0,"bottom_sign":" "},"pos":{"x":518.4000244140625,"x_sign":" ","y":298.79998779296875,"y_sign":" "},"rot":0.0,"rot_sign":" ","scale":{"x":5.2150001525878906,"x_sign":" ","y":5.2140002250671387,"y_sign":" "},"transform_text":"pos: x 518.4 y 298.8 rot: 0.0 scale: x 5.215 y 5.214 crop: l 0 t 0 r 0 b 0","source":"[HSC] Car Part 15"},"mixers":0,"sync":0,"flags":0,"volume":1.0,"balance":0.5,"enabled":false,"muted":false,"push-to-mute":false,"push-to-mute-delay":0,"push-to-talk":false,"push-to-talk-delay":0,"hotkeys":{},"deinterlace_mode":0,"deinterlace_field_order":0,"monitoring_type":0,"private_settings":{}},{"prev_ver":486604803,"name":"RoofEnd","uuid":"2e75c883-8a08-4c24-8fbb-360ad5cc8ca0","id":"move_source_filter","versioned_id":"move_source_filter","settings":{"bounds":{"x":1.0,"x_sign":" ","y":1.0,"y_sign":" "},"crop":{"bottom":0.0,"bottom_sign":" ","left":0.0,"left_sign":" ","right":0.0,"right_sign":" ","top":0.0,"top_sign":" "},"pos":{"x":590.4000244140625,"x_sign":" ","y":-200.80000305175781,"y_sign":" "},"rot":0.0,"rot_sign":" ","scale":{"x":5.2150001525878906,"x_sign":" ","y":5.2140002250671387,"y_sign":" "},"transform_text":"pos: x 590.4 y -200.8 rot: 0.0 scale: x 5.215 y 5.214 crop: l 0 t 0 r 0 b 0","duration":1300,"easing_match":0,"curve_match":-0.59999999999999998,"source":"[HSC] Car Part 15"},"mixers":0,"sync":0,"flags":0,"volume":1.0,"balance":0.5,"enabled":false,"muted":false,"push-to-mute":false,"push-to-mute-delay":0,"push-to-talk":false,"push-to-talk-delay":0,"hotkeys":{},"deinterlace_mode":0,"deinterlace_field_order":0,"monitoring_type":0,"private_settings":{}},{"prev_ver":486604803,"name":"BonnetStart","uuid":"ba4e3b4e-869e-49d8-8ef3-43b9400da8e0","id":"move_source_filter","versioned_id":"move_source_filter","settings":{"bounds":{"x":0.0,"x_sign":" ","y":0.0,"y_sign":" "},"crop":{"bottom":0.0,"bottom_sign":" ","left":0.0,"left_sign":" ","right":0.0,"right_sign":" ","top":0.0,"top_sign":" "},"pos":{"x":622.70001220703125,"x_sign":" ","y":460.39999389648438,"y_sign":" "},"rot":0.0,"rot_sign":" ","scale":{"x":5.2150001525878906,"x_sign":" ","y":5.2140002250671387,"y_sign":" "},"transform_text":"pos: x 622.7 y 460.4 rot: 0.0 scale: x 5.215 y 5.214 crop: l 0 t 0 r 0 b 0","duration":300,"easing_match":0,"source":"[HSC] Car Part 18"},"mixers":0,"sync":0,"flags":0,"volume":1.0,"balance":0.5,"enabled":false,"muted":false,"push-to-mute":false,"push-to-mute-delay":0,"push-to-talk":false,"push-to-talk-delay":0,"hotkeys":{},"deinterlace_mode":0,"deinterlace_field_order":0,"monitoring_type":0,"private_settings":{}},{"prev_ver":486604803,"name":"BonnetEnd","uuid":"f0f0753d-b8c9-4dde-860a-906460b709b1","id":"move_source_filter","versioned_id":"move_source_filter","settings":{"bounds":{"x":0.0,"x_sign":" ","y":0.0,"y_sign":" "},"crop":{"bottom":0.0,"bottom_sign":" ","left":0.0,"left_sign":" ","right":0.0,"right_sign":" ","top":0.0,"top_sign":" "},"pos":{"x":782.70001220703125,"x_sign":" ","y":-200.0,"y_sign":" "},"rot":0.0,"rot_sign":" ","scale":{"x":5.2150001525878906,"x_sign":" ","y":5.2140002250671387,"y_sign":" "},"transform_text":"pos: x 782.7 y -200.0 rot: 0.0 scale: x 5.215 y 5.214 crop: l 0 t 0 r 0 b 0","duration":1300,"easing_match":0,"curve_match":-0.70999999999999996,"source":"[HSC] Car Part 18"},"mixers":0,"sync":0,"flags":0,"volume":1.0,"balance":0.5,"enabled":false,"muted":false,"push-to-mute":false,"push-to-mute-delay":0,"push-to-talk":false,"push-to-talk-delay":0,"hotkeys":{},"deinterlace_mode":0,"deinterlace_field_order":0,"monitoring_type":0,"private_settings":{}},{"prev_ver":486604803,"name":"PlateStart","uuid":"4c2c5f3e-8aed-48b4-bbab-52457a154bfa","id":"move_source_filter","versioned_id":"move_source_filter","settings":{"bounds":{"x":1.0,"x_sign":" ","y":1.0,"y_sign":" "},"crop":{"left":0.0,"left_sign":" ","top":0.0,"top_sign":" ","right":0.0,"right_sign":" ","bottom":0.0,"bottom_sign":" "},"pos":{"x":956.5,"x_sign":" ","y":653.29998779296875,"y_sign":" "},"rot":0.0,"rot_sign":" ","scale":{"x":5.2150001525878906,"x_sign":" ","y":5.2140002250671387,"y_sign":" "},"source":"[HSC] Car Part 19","transform_text":"pos: x 956.5 y 653.3 rot: 0.0 scale: x 5.215 y 5.214 crop: l 0 t 0 r 0 b 0","duration":300,"easing_match":0},"mixers":0,"sync":0,"flags":0,"volume":1.0,"balance":0.5,"enabled":false,"muted":false,"push-to-mute":false,"push-to-mute-delay":0,"push-to-talk":false,"push-to-talk-delay":0,"hotkeys":{},"deinterlace_mode":0,"deinterlace_field_order":0,"monitoring_type":0,"private_settings":{}},{"prev_ver":486604803,"name":"PlateEnd","uuid":"6ea8aebb-3269-4513-904f-ff80ceecb3ae","id":"move_source_filter","versioned_id":"move_source_filter","settings":{"bounds":{"x":1.0,"x_sign":" ","y":1.0,"y_sign":" "},"crop":{"left":0.0,"left_sign":" ","top":0.0,"top_sign":" ","right":0.0,"right_sign":" ","bottom":0.0,"bottom_sign":" "},"pos":{"x":1253.5,"x_sign":" ","y":869.3265380859375,"y_sign":" "},"rot":0.0,"rot_sign":" ","scale":{"x":5.2149124145507812,"x_sign":" ","y":5.2136750221252441,"y_sign":" "},"source":"[HSC] Car Part 19","transform_text":"pos: x 1253.5 y 869.3 rot: 0.0 scale: x 5.215 y 5.214 crop: l 0 t 0 r 0 b 0","duration":1400,"easing_match":2,"easing_function_match":9},"mixers":0,"sync":0,"flags":0,"volume":1.0,"balance":0.5,"enabled":false,"muted":false,"push-to-mute":false,"push-to-mute-delay":0,"push-to-talk":false,"push-to-talk-delay":0,"hotkeys":{},"deinterlace_mode":0,"deinterlace_field_order":0,"monitoring_type":0,"private_settings":{}},{"prev_ver":486604803,"name":"EngineStart","uuid":"e6c760cc-7a28-448a-9fe9-5301d37f3d10","id":"move_source_filter","versioned_id":"move_source_filter","settings":{"bounds":{"x":1.0,"x_sign":" ","y":1.0,"y_sign":" "},"crop":{"bottom":0.0,"bottom_sign":" ","left":0.0,"left_sign":" ","right":0.0,"right_sign":" ","top":0.0,"top_sign":" "},"pos":{"x":403.70001220703125,"x_sign":" ","y":392.70001220703125,"y_sign":" "},"rot":0.0,"rot_sign":" ","scale":{"x":5.2150001525878906,"x_sign":" ","y":5.2140002250671387,"y_sign":" "},"transform_text":"pos: x 403.7 y 392.7 rot: 0.0 scale: x 5.215 y 5.214 crop: l 0 t 0 r 0 b 0","duration":300,"easing_match":0,"source":"[HSC] Car Part 20"},"mixers":0,"sync":0,"flags":0,"volume":1.0,"balance":0.5,"enabled":false,"muted":false,"push-to-mute":false,"push-to-mute-delay":0,"push-to-talk":false,"push-to-talk-delay":0,"hotkeys":{},"deinterlace_mode":0,"deinterlace_field_order":0,"monitoring_type":0,"private_settings":{}},{"prev_ver":486604803,"name":"EngineEnd","uuid":"b1b1b601-1fbe-4ad8-80de-8f9ebef7d8e2","id":"move_source_filter","versioned_id":"move_source_filter","settings":{"bounds":{"x":1.0,"x_sign":" ","y":1.0,"y_sign":" "},"crop":{"bottom":0.0,"bottom_sign":" ","left":0.0,"left_sign":" ","right":0.0,"right_sign":" ","top":0.0,"top_sign":" "},"pos":{"x":403.70001220703125,"x_sign":" ","y":499.70001220703125,"y_sign":" "},"rot":0.0,"rot_sign":" ","scale":{"x":5.2150001525878906,"x_sign":" ","y":5.2140002250671387,"y_sign":" "},"transform_text":"pos: x 403.7 y 499.7 rot: 0.0 scale: x 5.215 y 5.214 crop: l 0 t 0 r 0 b 0","duration":1200,"easing_match":2,"easing_function_match":9,"source":"[HSC] Car Part 20"},"mixers":0,"sync":0,"flags":0,"volume":1.0,"balance":0.5,"enabled":false,"muted":false,"push-to-mute":false,"push-to-mute-delay":0,"push-to-talk":false,"push-to-talk-delay":0,"hotkeys":{},"deinterlace_mode":0,"deinterlace_field_order":0,"monitoring_type":0,"private_settings":{}}]}]}